data,preco_tecnico,preco_hibrido_base,preco_hibrido_bear,preco_hibrido_bull,ancora_dcf_base,ancora_dcf_bear,ancora_dcf_bull,intervalo_lo,intervalo_hi,previsao_media,previsao_std
2026-03-25,73.69787292480468,73.69787292480468,73.63555300844072,73.77172874503256,73.79609744466998,73.73369446832587,73.87005169992987,73.58655945750264,73.80918639210672,73.69787292480468,0.056792585358183906
2026-03-26,73.6495147705078,73.65028120123225,73.52577452144398,73.79797142055634,73.84222370255223,73.71739254167359,73.99029882237711,73.43256905324108,73.86799334922341,73.65028120123225,0.11107762652610613
2026-03-27,73.60525817871094,73.60750838994932,73.42093573860085,73.82902602017091,73.88837879165645,73.70109421924616,74.11074168545436,73.28958301698415,73.92543376291448,73.60750838994932,0.16220682294140867
2026-03-30,73.564892578125,73.56929642164873,73.32076712213401,73.86464790041524,73.9345627300036,73.68479950024668,74.23138060779202,73.15979958644344,73.97879325685402,73.56929642164873,0.2089269567373943
2026-03-31,73.52686920166016,73.53407396217499,73.2236923033413,73.90327154974545,73.98077553562591,73.6685083838785,74.35221590853922,73.04290723246751,74.02524069188246,73.53407396217499,0.2505952702589156
2026-04-01,73.49100189208984,73.50163006210508,73.1294937228436,73.94469373873513,74.02701722656687,73.65222086934507,74.47324790736462,72.93812966810803,74.06513045610212,73.50163006210508,0.2875002010188978
2026-04-02,73.45676727294922,73.47142760548832,73.03763030333486,73.98838194380184,74.07328782088125,73.63593695585008,74.59447692445721,72.8427617598151,74.10009345116153,73.47142760548832,0.3207478804455136
2026-04-03,73.42466888427734,73.44393644686245,72.94856296408815,74.0348165618117,74.11958733663509,73.61965664259735,74.71590328052719,72.75704240043406,74.13083049329084,73.44393644686245,0.35045614613693143
2026-04-06,73.39605560302735,73.42043739514536,72.863555858939,74.08529819977429,74.16591579190576,73.60337992879091,74.83752729680683,72.68241950079813,74.15845528949258,73.42043739514536,0.3765397420138898
2026-04-07,73.3708480834961,73.40081281048086,72.78248218576923,74.13972013522665,74.21227320478191,73.58710681363493,74.9593492950513,72.61948580759893,74.18213981336278,73.40081281048086,0.3986362259601615
2026-04-08,73.3460922241211,73.38218447922813,72.70248055020556,74.19518403550816,74.25865959336348,73.5708372963338,75.08136959753953,72.56216787717734,74.20220108127891,73.38218447922813,0.41837581737284996
2026-04-09,73.32012634277343,73.362956456533,72.62196853718835,74.25007770043335,74.30507497576173,73.55457137609207,75.2035885270751,72.50387485171507,74.22203806135093,73.362956456533,0.4383069412336406
2026-04-10,73.29102478027343,73.34130706300945,72.53914581407444,74.30255376794292,74.35151937009928,73.53830905211443,75.326006406987,72.43952213516364,74.24309199085526,73.34130706300945,0.4600943509417367
2026-04-13,73.2590316772461,73.31750341838146,72.45428234624569,74.3528757709114,74.39799279451002,73.5220503236058,75.44862356113055,72.36710321717673,74.26790361958619,73.31750341838146,0.48489806183914697
2026-04-14,73.2231216430664,73.29060949593766,72.36645922052367,74.4000869535829,74.4444952671392,73.50579518977123,75.57144031388827,72.28756597258108,74.29365301929424,73.29060949593766,0.5117568996717231
2026-04-15,73.18302917480469,73.26042031511415,72.27548185854013,74.44396959456193,74.49102680614341,73.48954364981597,75.69445699017075,72.20247107771199,74.3183695525163,73.26042031511415,0.5397700190827305
2026-04-16,73.13936004638671,73.2275519037263,72.18196563848191,74.48514022670813,74.5375874296906,73.47329570294546,75.81767391541739,72.11504986487043,74.34005394258216,73.2275519037263,0.5676030810489139
2026-04-17,73.09300384521484,73.19287567607901,72.08677539781112,74.52447790722049,74.5841771559601,73.45705134836528,75.94109141559737,72.02760763558278,74.35814371657524,73.19287567607901,0.594524510457259
2026-04-20,73.04419403076172,73.15663904465609,71.99015900765883,74.56222924246806,74.6307960031425,73.44081058528123,76.06470981721056,71.94070909579237,74.3725689935198,73.15663904465609,0.6203724228896538
2026-04-21,72.99304504394532,73.11897540893084,71.89225140791116,74.59852551845029,74.67744398943987,73.42457341289922,76.18852944728823,71.85432662928461,74.38362418857706,73.11897540893084,0.6452289692072531
2026-04-22,72.93975982666015,73.08009791692487,71.79326543263278,74.63358000086157,74.72412113306562,73.4083398304254,76.31255063339405,71.76852811071582,74.39166772313392,73.08009791692487,0.6691682684740072
2026-04-23,72.88483276367188,73.04048417513275,71.69367278378179,74.66787716992454,74.77082745224453,73.39210983706606,76.43677370362488,71.68370189803086,74.39726645223463,73.04048417513275,0.6922358556642242
2026-04-24,72.82931823730469,73.00111662741608,71.59443868215425,74.70242005817724,74.81756296521277,73.37588343202768,76.56119898661167,71.60136187069897,74.4008713841332,73.00111662741608,0.7141605901617943
2026-04-27,72.77351684570313,72.96227542673645,71.49583691069024,74.73749634540889,74.86432769021795,73.35966061451691,76.68582681152031,71.52253054931607,74.40202030415684,72.96227542673645,0.7345637129695817
2026-04-28,72.71649169921875,72.92311366473132,71.39703684985476,74.77223922273917,74.91112164551902,73.3434413837406,76.81065750805253,71.44656368809073,74.3996636413719,72.92311366473132,0.7533418248166259
2026-04-29,72.65826568603515,72.88366483331404,71.29807193419751,74.8066820328872,74.95794484938641,73.3272257389057,76.93569140644672,71.37265337773215,74.39467628889594,72.88366483331404,0.7709242120315764
2026-04-30,72.59826354980468,72.8434243739556,71.19844958622424,74.84030545410505,75.00479732010194,73.31101367921943,77.06092883747891,71.30016493583234,74.38668381207886,72.8434243739556,0.787377264348598
2026-05-01,72.53821563720703,72.80396085646082,71.09970349424447,74.87472017899526,75.05167907595883,73.29480520388913,77.18637013246352,71.22967148423497,74.37825022868667,72.80396085646082,0.8032088633805341
2026-05-04,72.47817687988281,72.76532407943849,71.00188019768922,74.90997982689491,75.09859013526179,73.27860031212231,77.31201562325428,71.16260512313548,74.3680430357415,72.76532407943849,0.817713753215819
2026-05-05,72.41899719238282,72.72826806397269,70.90571264982225,74.94686393234598,75.14553051632691,73.2623990031267,77.43786564224514,71.09931331104526,74.35722281690012,72.72826806397269,0.8310993637384865
2026-05-06,72.36106567382812,72.69312621306632,70.8115215902582,74.98572126615325,75.1925002374818,73.24620127611017,77.56392052237116,71.03930288882023,74.34694953731241,72.69312621306632,0.8437874103296384
2026-05-07,72.30463256835938,72.66010333313031,70.71950150477957,75.02676920226595,75.23949931706545,73.23000713028078,77.69018059710928,70.9814336833715,74.33877298288911,72.66010333313031,0.8564641070197975
2026-05-08,72.24998474121094,72.62943272724053,70.6298739251701,75.07025542851412,75.28652777342838,73.21381656484674,77.81664620047933,70.92486761745361,74.33399783702744,72.62943272724053,0.8696760764218957
2026-05-11,72.1976303100586,72.60153736803989,70.54304391657803,75.11662485264893,75.33358562493251,73.19762957901646,77.94331766704488,70.86980079646509,74.33327393961468,72.60153736803989,0.8835390671300019
2026-05-12,72.14773864746094,72.57653803316383,70.45912178547303,75.16601117417872,75.3806728899513,73.18144617199853,78.07019533191406,70.81603610592437,74.33703996040329,72.57653803316383,0.8982152689997245
2026-05-13,72.10038604736329,72.55447262710811,70.3781370661096,75.21846269528066,75.4277895868697,73.16526634300169,78.19727953074056,70.76351261116987,74.34543264304635,72.55447262710811,0.913755110172571
2026-05-14,72.05544738769531,72.53520428240236,70.29994979437218,75.27384652302284,75.47493573408406,73.14909009123487,78.32457059972438,70.71198702496324,74.35842153984149,72.53520428240236,0.9302128864485322
2026-05-15,72.01261901855469,72.51844490443058,70.22427402416066,75.33187211925781,75.52211135000232,73.13291741590719,78.45206887561285,70.6612126024121,74.37567720644905,72.51844490443058,0.9475675010298323
2026-05-18,71.97147674560547,72.50380802664691,70.15072958541914,75.39214547288417,75.5693164530439,73.1167483162279,78.57977469570145,70.61095496436617,74.39666108892764,72.50380802664691,0.9657413583064945
2026-05-19,71.93160552978516,72.49092147193346,70.07895139735705,75.45428585117378,75.61655106163971,73.10058279140647,78.70768839783466,70.56111327401719,74.42072966984973,72.49092147193346,0.9845960193450354
2026-05-20,71.89266967773438,72.47948651881833,70.00864655658431,75.51798751688678,75.66381519423223,73.08442084065251,78.835810320407,70.51164555388421,74.44732748375246,72.47948651881833,1.0040004923133268
2026-05-21,71.85442504882812,72.46928666256223,69.93960248980173,75.58302924541745,75.71110886927544,73.06826246317586,78.96414080236381,70.46253224691765,74.4760410782068,72.46928666256223,1.0238542936962107
2026-05-22,71.81679077148438,72.46024634561023,69.87174324866297,75.64933606662355,75.7584321052348,73.05210765818647,79.09268018320212,70.41396272499283,74.50652996622763,72.46024634561023,1.044022255417045
2026-05-25,71.77971954345703,72.45231931970449,69.80502137481821,75.71686333185531,75.80578492058743,73.0359564248945,79.22142880297166,70.36611920520636,74.53851943420261,72.45231931970449,1.0643878135194533
2026-05-26,71.74306640625,72.44537867088827,69.73931191291449,75.78548182124734,75.85316733382189,73.01980876251025,79.35038700227567,70.31902966606978,74.57172767570677,72.44537867088827,1.0848719412339285
2026-05-27,71.70669708251953,72.4393084744641,69.67450089533277,75.85507329722451,75.90057936343834,73.00366467024426,79.47955512227182,70.27269489668784,74.60592205224036,72.4393084744641,1.1054150907021705
2026-05-28,71.67045593261719,72.43397735479832,69.61045988707642,75.92550284615233,75.9480210279485,72.9875241473072,79.60893350467316,70.22718757594755,74.64076713364908,72.43397735479832,1.1259131524748762
2026-05-29,71.6342056274414,72.42927173605406,69.54707797532834,75.99665368441785,75.99549234587569,72.97138719290989,79.73852249174897,70.1828049488336,74.67573852327452,72.42927173605406,1.1461565240920721
2026-06-01,71.59764709472657,72.42494787743564,69.4841197396595,76.06827184254273,76.04299333575477,72.95525380626339,79.86832242632566,70.13971604915805,74.71017970571323,72.42494787743564,1.1659346062640754
2026-06-02,71.56028900146484,72.42061015008372,69.42120495583303,76.1399426402181,76.09052401613218,72.93912398657886,79.99833365178772,70.09802756555243,74.74319273461501,72.42061015008372,1.1849911145567806
2026-06-03,71.52142639160157,72.41569788853835,69.35779661641124,76.21107604592119,76.13808440556599,72.92299773306772,80.12855651207862,70.05807388515815,74.77332189191854,72.41569788853835,1.2028693894796945
2026-06-04,71.48054656982421,72.40981549352205,69.29351749252619,76.28125355439329,76.18567452262583,72.90687504494149,80.25899135170171,70.02003914829028,74.79959183875381,72.40981549352205,1.219273645526408
2026-06-05,71.43789978027344,72.40318597775496,69.22858312173031,76.35070732579186,76.23329438589298,72.89075592141188,80.38963851572109,69.98380662088739,74.82256533462252,72.40318597775496,1.2343772228916163
2026-06-08,71.39439544677734,72.39655425393593,69.16370691106911,76.42022136309299,76.28094401396027,72.87464036169081,80.52049834976258,69.94908397687134,74.84402453100053,72.39655425393593,1.2487093250329597
2026-06-09,71.35096740722656,72.39067195116161,69.09960626850587,76.49058991335991,76.32862342543223,72.85852836499036,80.65157120001464,69.91591278571006,74.86543111661315,72.39067195116161,1.2626322272711983
2026-06-10,71.30804443359375,72.38587731856852,69.03660192229788,76.56217317741759,76.37633263892498,72.84241993052274,80.78285741322925,69.88421461841962,74.88754001871742,72.38587731856852,1.2763585204841306
2026-06-11,71.26556701660157,72.38211820432925,68.97464149028666,76.6349194561178,76.42407167306625,72.8263150575004,80.91435733672282,69.85399013382879,74.9102462748297,72.38211820432925,1.289861260459418
2026-06-12,71.22334594726563,72.37924178851662,68.91357691500312,76.70867014630802,76.47184054649544,72.8102137451359,81.04607131837714,69.82525178462394,74.9332317924093,72.37924178851662,1.3030561244350396
2026-06-15,71.18126373291015,72.37715382574369,68.8533163581267,76.78332814270581,76.51963927786363,72.79411599264203,81.17799970664032,69.79795605521018,74.9563515962772,72.37715382574369,1.3159172298640387
2026-06-16,71.13936004638671,72.37588436638885,68.79388643241643,76.85892793972317,76.56746788583351,72.77802179923175,81.31014285052763,69.7722636511837,74.97950508159398,72.37588436638885,1.3283779159209865
2026-06-17,71.09776306152344,72.37553177708722,68.73537853754408,76.9355767853437,76.61532638907943,72.76193116411814,81.4425010996225,69.74848780664398,75.00257574753046,72.37553177708722,1.340328556348592
2026-06-18,71.05653381347656,72.37613996900765,68.67783208769599,77.0133244075483,76.66321480628746,72.7458440865145,81.5750748040774,69.7265801029207,75.0256998350946,72.37613996900765,1.3518162582076283
2026-06-19,71.01570434570313,72.37772946836697,68.62126418864139,77.09219581938483,76.71113315615533,72.7297605656343,81.70786431461487,69.70638943232505,75.04906950440888,72.37772946836697,1.3629285898173005
2026-06-22,70.97531280517578,72.38032497044695,68.56569583361582,77.17222057285309,76.75908145739245,72.71368060069116,81.8408699825282,69.6877694589659,75.072880481928,72.38032497044695,1.3737528119801268
2026-06-23,70.9354232788086,72.38397030141883,68.5111660480696,77.25344874975767,76.8070597287199,72.69760419089893,81.97409215968267,69.67059084441911,75.09734975841855,72.38397030141883,1.3843772739794515
2026-06-24,70.89611358642578,72.38871877730833,68.45772269578204,77.33594076436408,76.85506798887053,72.68153133547155,82.10753119851627,69.65475072528285,75.1226868293338,72.38871877730833,1.3948816591966728
2026-06-25,70.85746307373047,72.39462380501132,68.40541356014175,77.41975736328335,76.90310625658883,72.6654620336232,82.2411874520407,69.64017311811986,75.14907449190278,72.39462380501132,1.4053319831078877
2026-06-26,70.81956787109375,72.40175020974543,68.3542970383547,77.5049717524071,76.95117455063102,72.64939628456821,82.37506127384232,69.62679488578468,75.17670553370618,72.40175020974543,1.4157935326330364
2026-06-29,70.78253326416015,72.41016831932953,68.304436515927,77.59166331970457,76.9992728897651,72.6333340875211,82.50915301808303,69.6145807364467,75.20575590221236,72.41016831932953,1.4263201953483826
2026-06-30,70.74645690917968,72.41994126564319,68.25588837675875,77.67990404462358,77.04740129277072,72.61727544169652,82.64346303950127,69.60348940953341,75.23639312175297,72.41994126564319,1.43696523270907
2026-07-01,70.71142272949218,72.4311207429732,68.20869803790389,77.76975390589477,77.09555977843931,72.60122034630935,82.77799169341291,69.59350310543269,75.26873838051372,72.4311207429732,1.4477641007859754
2026-07-02,70.67750244140625,72.44374826970628,68.16290118266453,77.86126217673599,77.14374836557406,72.58516880057459,82.91273933571223,69.58459895043057,75.30289758898198,72.44374826970628,1.4587496526916854
2026-07-03,70.64473114013671,72.45783763318295,68.11850729760407,77.95444848375344,77.19196707298988,72.56912080370746,83.04770632287284,69.57675236508831,75.33892290127758,72.45783763318295,1.4699414633135932
2026-07-06,70.61310577392578,72.47337447262916,68.07549939128572,78.04930220875507,77.24021591951345,72.55307635492333,83.18289301194861,69.5699422433155,75.37680670194283,72.47337447262916,1.481342974139624
2026-07-07,70.58257904052735,72.49031255822732,68.03383061396951,78.14577832579765,77.28849492398325,72.53703545343775,83.31829976057463,69.56414689661466,75.41647821983997,72.49031255822732,1.4929416640880906
2026-07-08,70.55307159423828,72.50858342064701,67.9934334138629,78.24380762010199,77.33680410524946,72.52099809846644,83.45392692696817,69.55935732477646,75.45780951651757,72.50858342064701,1.5047071917706933
2026-07-09,70.52445678710937,72.52808597008865,67.95420989868015,78.34328535403114,77.38514348217414,72.5049642892253,83.58977486992961,69.55555886584666,75.50061307433064,72.52808597008865,1.5165954613479526
2026-07-10,70.49656829833984,72.54869284909937,67.91603791155094,78.4440779588593,77.43351307363106,72.48893402493037,83.72584394884339,69.5527453680318,75.54464033016694,72.54869284909937,1.5285446331977393
2026-07-13,70.46920166015624,72.57025233257271,67.87877291147467,78.5460249478288,77.48191289850583,72.47290730479791,83.86213452367893,69.5509365500515,75.58956811509391,72.57025233257271,1.5404672359802074
2026-07-14,70.44215850830078,72.59262003825192,67.84227770424827,78.6489731387165,77.53034297569583,72.45688412804435,83.99864695499168,69.55015606721314,75.63508400929071,72.59262003825192,1.5522775362442771
2026-07-15,70.41525421142578,72.61566417263707,67.80642731090853,78.75278238132422,77.5788033241103,72.44086449388627,84.13538160392397,69.55043533147548,75.68089301379865,72.61566417263707,1.5638922658987644
2026-07-16,70.3883071899414,72.63925784394101,67.77110174518916,78.85731727925875,77.62729396267024,72.4248484015404,84.272338832206,69.55181109066297,75.72670459721905,72.63925784394101,1.5752279353459382
2026-07-17,70.36112365722656,72.66326854038081,67.73617618503927,78.96243578133495,77.67581491030853,72.40883585022371,84.40951900215681,69.5543412796028,75.77219580115883,72.66326854038081,1.5861873779479667
2026-07-20,70.33348541259765,72.68754991491548,67.70151334219113,79.06798021320995,77.72436618596987,72.39282683915329,84.54692247668525,69.55809520178235,75.81700462804861,72.68754991491548,1.5966605679250632
2026-07-21,70.30515747070312,72.71194738155012,67.6669687237729,79.1737832941752,77.77294780861077,72.37682136754641,84.68454961929088,69.56313962758286,75.86075513551738,72.71194738155012,1.6065345683506445
2026-07-22,70.27592315673829,72.73632243599621,67.63241327782869,79.27969459916207,77.82155979719963,72.36081943462057,84.822400794065,69.56956097129599,75.90308390069644,72.73632243599621,1.6156946248470574
2026-07-23,70.24555816650391,72.76053447358154,67.5977164371085,79.38556080726967,77.87020217071668,72.34482103959333,84.96047636569159,69.57741654844861,75.94365239871448,72.76053447358154,1.6240397577208807
2026-07-24,70.21381378173828,72.78442985756551,67.56273597897268,79.49121374977399,77.91887494815403,72.32882618168253,85.09877669944825,69.58677749845126,75.98208221667977,72.78442985756551,1.6314552852623774
2026-07-27,70.18076019287109,72.80807168382572,67.52753117618154,79.59672152529512,77.96757814851564,72.31283486010615,85.23730216120717,69.59762976584878,76.01851360180265,72.80807168382572,1.6379805703963948
2026-07-28,70.14693756103516,72.83183419564577,67.4924494391092,79.70249300684881,78.01631179081738,72.29684707408231,85.3760531174362,69.60982417129469,76.05384421999685,72.83183419564577,1.6438826654852414
2026-07-29,70.11298980712891,72.85615232928993,67.45789319999164,79.80900519273818,78.06507589408699,72.28086282282933,85.51502993519959,69.62319923713217,76.08910542144768,72.85615232928993,1.6494658633457961
2026-07-30,70.07923583984375,72.8812379537313,67.42405716485754,79.91649239204033,78.11387047736407,72.2648821055657,85.65423298215924,69.63767183529572,76.12480407216688,72.8812379537313,1.6548806726712126
2026-07-31,70.04568023681641,72.90709287755875,67.3909412117344,80.02495928053267,78.16269555970018,72.2489049215101,85.79366262657548,69.65324070094191,76.1609450541756,72.90709287755875,1.6601286615392106
2026-08-03,70.01223754882812,72.93366039225177,67.35849117205639,80.1343462527494,78.21155116015875,72.23293126988136,85.93331923730811,69.66993115179164,76.19738963271189,72.93366039225177,1.665167979826594
2026-08-04,69.97886505126954,72.96091259622534,67.32667963982672,80.24462514148212,78.26043729781513,72.2169611498985,86.07320318381733,69.68774677738932,76.23407841506136,72.96091259622534,1.6699825606306242
2026-08-05,69.94556427001953,72.98885069575377,67.29550613629752,80.35579970721317,78.30935399175662,72.20099456078067,86.21331483616481,69.70668531047679,76.27101608103075,72.98885069575377,1.674574176161723
2026-08-06,69.91235961914063,73.01749049956099,67.26498363367573,80.46788981290669,78.3583012610824,72.18503150174723,86.3536545650146,69.72673725368652,76.30824374543546,73.01749049956099,1.6789557376910542
2026-08-07,69.87928466796875,73.04685334960497,67.23513015059676,80.58092150004799,78.40727912490365,72.16907197201773,86.49422274163408,69.74789942202601,76.34580727718394,73.04685334960497,1.6831397589688608
2026-08-10,69.84637145996093,73.07695905738547,67.20596223449543,80.69491921935949,78.45628760234342,72.15311597081187,86.63501973789505,69.77015673227265,76.38376138249828,73.07695905738547,1.6871440434249036
2026-08-11,69.81367645263671,73.10784241937904,67.17751014343612,80.80992407795156,78.5053267125368,72.13716349734949,86.77604592627462,69.79350399416734,76.42218084459074,73.10784241937904,1.6909889924549466
2026-08-12,69.78126068115235,73.13954020715508,67.14980584357669,80.92597952762962,78.55439647463075,72.12121455085067,86.9173016798562,69.81792612714486,76.4611542871653,73.13954020715508,1.6947010612297024
2026-08-13,69.7491958618164,73.17209493162513,67.12288645478095,81.04313554540443,78.60349690778428,72.10526913053559,87.05878737233056,69.84340562249672,76.50078424075353,73.17209493162513,1.6983108720042877
2026-08-14,69.71753692626953,73.2055377938896,67.09677860213779,81.16142976372606,78.65262803116832,72.08932723562467,87.20050337799675,69.86993970186425,76.54113588591495,73.2055377938896,1.7018357612374242
2026-08-17,69.6863510131836,73.2399066371958,67.07151490007682,81.28090733103846,78.70178986396581,72.07338886533846,87.34245007176312,69.8975172468187,76.58229602757291,73.2399066371958,1.7053007093760781
2026-08-18,69.65570526123047,73.27523831170897,67.04712694058585,81.40161246708094,78.75098242537167,72.0574540188977,87.48462782914828,69.92612574346914,76.6243508799488,73.27523831170897,1.7087309021631785
2026-08-19,69.62568664550781,73.31158071222256,67.02365630253335,81.52360184391073,78.80020573459284,72.04152269552327,87.62703702628211,69.95575027954398,76.66741114490115,73.31158071222256,1.7121583840196868
2026-08-20,69.59638214111328,73.34898045589192,67.00114325335116,81.6469309315843,78.84945981084819,72.02559489443628,87.76967803990684,69.98637655009817,76.71158436168567,73.34898045589192,1.7156142376498689
2026-08-21,69.56788635253906,73.38748749746458,66.97963096652649,81.77165913407546,78.8987446733687,72.00967061485798,87.91255124737786,70.01799553152719,76.75697946340196,73.38748749746458,1.719128554049686
2026-08-24,69.5402603149414,73.42713022478571,66.95914279829302,81.89782203091872,78.94806034139734,71.99374985600979,88.05565702666492,70.05058225453466,76.80367819503677,73.42713022478571,1.722728556250534
2026-08-25,69.51355285644532,73.46792909145708,66.93969479238957,82.02544647783414,78.99740683418906,71.97783261711328,88.19899575635296,70.08413615970974,76.85172202320442,73.46792909145708,1.7264249651772114
2026-08-26,69.48775482177734,73.50986961127633,66.92127112571882,82.15452038129663,79.0467841710109,71.96191889739023,88.34256781564324,70.11865049310391,76.90108872944874,73.50986961127633,1.7302138358022545
2026-08-27,69.46281127929687,73.55291074586619,66.90383187236105,82.28500188651267,79.09619237114191,71.94600869606259,88.48637358435427,70.15413081048351,76.95169068124886,73.55291074586619,1.7340713956034062
2026-08-28,69.43860626220703,73.59697680178827,66.88730574142508,82.41681015449748,79.14563145387324,71.93010201235246,88.63041344292283,70.19058550759382,77.00336809598272,73.59697680178827,1.7379547419359411
2026-08-31,69.41497650146485,73.64196665381797,66.8715985852622,82.54983550611024,79.19510143850802,71.91419884548215,88.77468777240502,70.2280406296618,77.05589267797414,73.64196665381797,1.7417989919164107
2026-09-01,69.39169769287109,73.68774668655652,66.85658709256384,82.68393135825677,79.24460234436151,71.89829919467407,88.91919695447714,70.26653204821824,77.1089613248948,73.68774668655652,1.745517672621577
2026-09-02,69.36854400634766,73.7341858903298,66.84215072777218,82.81895346014292,79.29413419076101,71.88240305915087,89.06394137143694,70.30610522059523,77.16226656006437,73.7341858903298,1.7490207498645758
2026-09-03,69.34526672363282,73.78114366198074,66.8281606706418,82.95474619044492,79.34369699704592,71.86651043813535,89.20892140620434,70.34680158891858,77.21548573504289,73.78114366198074,1.752215343399059
2026-09-04,69.32158813476562,73.82846712133747,66.8144774235393,83.09113948158014,79.39329078256773,71.85062133085049,89.35413744232265,70.38868921403073,77.2682450286442,73.82846712133747,1.7549887282177241
2026-09-07,69.2972198486328,73.87600157308705,66.80096031745518,83.22796053513477,79.44291556668999,71.8347357365194,89.4995898639595,70.43183039776832,77.32017274840578,73.87600157308705,1.7572301914891495
2026-09-08,69.271923828125,73.9236246647963,66.78749837856911,83.36507233054256,79.49257136878839,71.81885365436544,89.6452790559079,70.47628753844626,77.37096179114633,73.9236246647963,1.7588454726275686
2026-09-09,69.24561920166016,73.97130394512492,66.77406216162925,83.50243878063469,79.54225820825073,71.80297508361205,89.79120540358723,70.52208458336357,77.42052330688627,73.97130394512492,1.7598057968170135
2026-09-10,69.21827239990235,74.01903399104673,66.76064669863091,83.64005419376335,79.59197610447688,71.78710002348294,89.93736929304423,70.56923354974865,77.4688344323448,74.01903399104673,1.760102265968411
2026-09-11,69.18993682861328,74.06685693832435,66.74728989711078,83.7779666487514,79.64172507687893,71.77122847320187,90.08377111095407,70.61771980843375,77.51599406821495,74.06685693832435,1.7597638417809216
2026-09-14,69.16090393066406,74.11494218680039,66.73414412667533,83.9163685104008,79.69150514488099,71.7553604319929,90.23041124462137,70.66747602327285,77.56240835032793,74.11494218680039,1.7589113079222103
2026-09-15,69.13164672851562,74.16355180000751,66.72144460643969,84.05555793656416,79.7413163279194,71.73949589908018,90.37729008198122,70.71839779107053,77.60870580894449,74.16355180000751,1.7577316372127463
2026-09-16,69.1025375366211,74.2128872913836,66.70937133099747,84.1957655827049,79.79115864544264,71.72363487368806,90.52440801160016,70.77040058596701,77.65537399680018,74.2128872913836,1.7563707680696878
2026-09-17,69.07371826171875,74.26302343034408,66.69798985135317,84.33707908729176,79.84103211691126,71.70777735504103,90.67176542267728,70.82346727538207,77.70257958530608,74.26302343034408,1.7548755892663286
2026-09-18,69.04516143798828,74.31394409776354,66.68728393322777,84.47948311308973,79.89093676179809,71.69192334236382,90.81936270504522,70.87760099283582,77.75028720269125,74.31394409776354,1.7532362780243442
2026-09-21,69.01678009033203,74.3656027228723,66.67721009092294,84.62292760332832,79.94087259958805,71.67607283488125,90.96720024917117,70.93281914374523,77.79838630199936,74.3656027228723,1.7514201934321736
2026-09-22,68.98849792480469,74.41795959590414,66.66773112939075,84.76737010966643,79.99083964977827,71.66022583181838,91.11527844615793,70.9891390947698,77.84678009703848,74.41795959590414,1.7493982148644602
2026-09-23,68.96025238037109,74.47098313665668,66.6588172534288,84.91277727725812,80.04083793187809,71.6443823324004,91.26359768774499,71.04656997773432,77.89539629557905,74.47098313665668,1.7471495708787537
2026-09-24,68.93201904296875,74.52466213151556,66.65045698072736,85.05913885754936,80.09086746540898,71.62854233585266,91.41215836630946,71.10511540884157,77.94420885418954,74.52466213151556,1.7446666952418293
2026-09-25,68.90379180908204,74.57899492681543,66.64264740800343,85.20645547782337,80.14092826990466,71.61270584140073,91.56096087486722,71.16477087483247,77.99321897879838,74.57899492681543,1.7419510469300805
2026-09-28,68.8756202697754,74.63400792514469,66.63541068884501,85.35475984900202,80.19102036491107,71.59687284827032,91.71000560707387,71.22552698970283,78.04248886058654,74.63400792514469,1.739020885429517
2026-09-29,68.8475715637207,74.68973550357087,66.6287760133561,85.50409393698746,80.24114376998634,71.5810433556873,91.85929295722583,71.28737074065846,78.09210026648329,74.68973550357087,1.7359003892410265
2026-09-30,68.81971588134766,74.74621251290546,66.62277289269088,85.65450041334158,80.29129850470082,71.56521736287776,92.00882332026138,71.35028682501765,78.14213820079327,74.74621251290546,1.7326151468815332
2026-10-01,68.79211730957032,74.80346982295187,66.61742719023337,85.80601754842574,80.34148458863709,71.5493948690679,92.15859709176165,71.41426564858827,78.19267399731547,74.80346982295187,1.7291858032467324
2026-10-02,68.76483764648438,74.86153621103414,66.61276281724308,85.9586813574047,80.39170204139002,71.53357587348412,92.30861466795173,71.47929691480707,78.2437755072612,74.86153621103414,1.7256322939933995
2026-10-05,68.73793334960938,74.92043698291907,66.6088005148363,86.11252400347891,80.44195088256667,71.51776037535302,92.45887644570168,71.54537384285594,78.2955001229822,74.92043698291907,1.7219709898281272
2026-10-06,68.71146926879882,74.98020058336633,66.60556373942372,86.26758138392248,80.4922311317864,71.5019483739013,92.6093828225276,71.6124871747327,78.34791399199995,74.98020058336633,1.7182211268538858
2026-10-07,68.68552322387696,75.04086057899693,66.60308041098749,86.42389543213343,80.54254280868078,71.48613986835589,92.76013419659272,71.68062295125586,78.401098206738,75.04086057899693,1.714406952929121
2026-10-08,68.66020126342774,75.1024626916933,66.60138913130535,86.58152225595204,80.5928859328937,71.47033485794388,92.91113096670828,71.74976784209784,78.45515754128877,75.1024626916933,1.710558596732382
2026-10-09,68.63559036254883,75.16504202147844,66.60051895675346,86.74050592346339,80.64326052408128,71.45453334189253,93.06237353233487,71.81990549885879,78.5101785440981,75.16504202147844,1.7067023074590046
2026-10-12,68.6117774963379,75.22863239736111,66.60049771676108,86.90088920381339,80.69366660191201,71.43873531942924,93.21386229358322,71.8910251027618,78.56623969196042,75.22863239736111,1.7028608645914864
2026-10-13,68.58881301879883,75.2932493990954,66.60133700052663,87.0626939280805,80.74410418606658,71.42294078978163,93.36559765121541,71.96311566959993,78.62338312859087,75.2932493990954,1.6990478211711615
2026-10-14,68.56669845581055,75.35888563546543,66.6030280523736,87.22591541868391,80.79457329623801,71.40714975217746,93.51758000664587,72.0361767282037,78.68159454272715,75.35888563546543,1.6952596465621028
2026-10-15,68.54536361694336,75.42550125883828,66.60553348142658,87.39051136619373,80.84507395213168,71.39136220584464,93.6698097619425,72.11021482674673,78.74078769092984,75.42550125883828,1.691472669434467
2026-10-16,68.52465896606445,75.49302202935509,66.60878567474299,87.55639939568833,80.89560617346521,71.37557815001132,93.82228731982764,72.18524987052986,78.80079418818032,75.49302202935509,1.6876388565434817
2026-10-19,68.50434265136718,75.56133517212706,66.61268327318007,87.72345205681918,80.94616997996862,71.35979758390576,93.97501308367923,72.2613200781112,78.86135026614292,75.56133517212706,1.6836811704162544
2026-10-20,68.48414535522461,75.6303197040526,66.61711802719017,87.89153184220172,80.99676539138419,71.34402050675641,94.12798745753182,72.33847283513613,78.92216657296906,75.6303197040526,1.6795137086308523
2026-10-21,68.46376266479493,75.69984355768047,66.62197229544147,88.06048779254796,81.04739242746658,71.32824691779189,94.28121084607763,72.41675888688769,78.98292822847324,75.69984355768047,1.6750431993840724
2026-10-22,68.44286651611328,75.76976938024467,66.62712418460022,88.23016218334513,81.09805110798278,71.31247681624099,94.43468365466771,72.4962402246603,79.04329853582904,75.76976938024467,1.670167936522636
2026-10-23,68.42113418579102,75.8399673032108,66.63245878737958,88.40040537689141,81.14874145271219,71.29671020133267,94.5884062893129,72.57697911964323,79.10295548677837,75.8399673032108,1.664789889575292
2026-10-26,68.39835968017579,75.91036193906413,66.63790941000043,88.57113069959271,81.19946348144649,71.28094707229606,94.74237915668496,72.65901544206551,79.16170843606275,75.91036193906413,1.6588502535707217
2026-10-27,68.37451934814453,75.98095756578107,66.64347945865384,88.74234417329808,81.25021721398979,71.26518742836046,94.89660266411765,72.74235300745109,79.21956212411105,75.98095756578107,1.6523492644540745
2026-10-28,68.34971160888672,76.05180959010526,66.6492171349762,88.91411161763361,81.30100267015854,71.24943126875536,95.05107721960778,72.82697499563537,79.27664418457516,76.05180959010526,1.645323772688724
2026-10-29,68.3241798400879,76.12303147924447,66.65522131619197,89.08656706172053,81.35181986978161,71.23367859271038,95.2058032318163,72.91283484722348,79.33322811126547,76.12303147924447,1.637855424500511
2026-10-30,68.29833755493163,76.19480227391121,66.66164791355116,89.25992188659849,81.40266883270023,71.21792939945534,95.36078111006945,72.99985778408211,79.3897467637403,76.19480227391121,1.6300737193005588
2026-11-02,68.2726333618164,76.26730870814478,66.66865903483016,89.4343973386326,81.45354957876809,71.20218368822023,95.51601126435969,73.0879633581628,79.44665405812677,76.26730870814478,1.6221149744806025
2026-11-03,68.2473518371582,76.34066504644474,66.67635294233126,89.61013048012558,81.50446212785121,71.1864414582352,95.67149410534691,73.17710776137534,79.50422233151414,76.34066504644474,1.614059839321126
2026-11-04,68.2225471496582,76.41488984544286,66.68474404234465,89.78714646035242,81.5554064998281,71.17070270873056,95.82723004435948,73.26728503625162,79.5624946546341,76.41488984544286,1.6059208210159404
2026-11-05,68.19809646606446,76.48993145670721,66.69378547562401,89.96538794913813,81.60638271458963,71.15496743893682,95.98321949339537,73.35851975274625,79.62134316066818,76.48993145670721,1.5976590326331424
2026-11-06,68.17380599975586,76.56571259355111,66.70340820254532,90.14476719414142,81.65739079203917,71.13923564808465,96.13946286512315,73.45084489434682,79.68058029275541,76.56571259355111,1.589218213879745
2026-11-09,68.14947967529297,76.64215810329958,66.71354527172451,90.32519859949723,81.70843075209245,71.12350733540487,96.2959605728832,73.54428983656419,79.74002637003497,76.64215810329958,1.5805450340486684
2026-11-10,68.12499694824218,76.71922470985419,66.72415767934766,90.50663382519224,81.75950261467774,71.10778250012848,96.45271303068868,73.63887368641406,79.79957573329432,76.71922470985419,1.5716076650204767
2026-11-11,68.10031509399414,76.79690026427508,66.73523360025034,90.68906108963031,81.81060639973572,71.09206114148667,96.60972065322674,73.73459885873564,79.85920166981452,76.79690026427508,1.5623986762956343
2026-11-12,68.07548599243164,76.87520868395418,66.74679256171041,90.87251119180034,81.8617421272195,71.07634325871076,96.76698385585956,73.83146090497719,79.91895646293118,76.87520868395418,1.552932540294384
2026-11-13,68.05060348510742,76.9541884289795,66.75886663890545,91.05703225664497,81.91290981709471,71.06062885103229,96.92450305462543,73.92944360782445,79.97893325013456,76.9541884289795,1.543237153650538
2026-11-16,68.02577667236328,77.03388214437305,66.77149142380745,91.24267755333815,81.96410948933948,71.04491791768294,97.08227866623987,74.02853396126658,80.03923032747953,77.03388214437305,1.5333409097481996
2026-11-17,68.00109558105468,77.11432384483263,66.78469491145421,91.42949032636109,82.01534116394433,71.02921045789456,97.2403111080968,74.12872043916437,80.09992725050088,77.11432384483263,1.5232670437082934
2026-11-18,67.97664184570313,77.19554322914557,66.79850126514125,91.6175088651951,82.06660486091239,71.01350647089916,97.39860079826951,74.22999800791352,80.16108845037762,77.19554322914557,1.5130332761388003
2026-11-19,67.95248184204101,77.27756321963412,66.81292870506357,91.80676355589858,82.11790060025922,70.99780595592895,97.55714815551187,74.33235903099894,80.22276740826929,77.27756321963412,1.5026551982832503
2026-11-20,67.92867279052734,77.36040262760721,66.8279918358245,91.99728001089647,82.16922840201292,70.98210891221629,97.71595359925938,74.4358040781435,80.28500117707092,77.36040262760721,1.492142117073324
2026-11-23,67.90526123046875,77.44407555861348,66.8437011482497,92.18907833678324,82.22058828621408,70.9664153389937,97.87501754963036,74.54033000208449,80.34782111514247,77.44407555861348,1.4815028349637713
2026-11-24,67.88231735229492,77.52860336418676,66.86007334376575,92.3821873480507,82.27198027291587,70.9507252354939,98.03434042742697,74.64592817290405,80.41127855546948,77.52860336418676,1.4707526486136293
2026-11-25,67.85993041992188,77.6140127082935,66.87712964199147,92.57664230422274,82.32340438218395,70.93503860094977,98.19392265413634,74.75258951167179,80.47543590491522,77.6140127082935,1.4599097941947508
2026-11-26,67.83820266723633,77.70033306486604,66.89489360705169,92.77248195398256,82.3748606340965,70.91935543459432,98.35376465193175,74.86030162608748,80.54036450364461,77.70033306486604,1.4489956320298798
2026-11-27,67.81722640991211,77.78758905728154,66.91338454787893,92.96973939665449,82.42634904874434,70.90367573566078,98.51386684367368,74.96905769539232,80.60612041917075,77.78758905728154,1.4380262050455153
2026-11-30,67.79706192016602,77.87579327488794,66.93261136198687,93.16843345941204,82.47786964623076,70.88799950338253,98.67422965291095,75.07884990501108,80.6727366447648,77.87579327488794,1.4270119234065577
2026-12-01,67.77771224975587,77.96493910097188,66.95256642034933,93.36856003642603,82.52942244667162,70.87232673699312,98.83485350388183,75.1896834867902,80.74019471515355,77.96493910097188,1.4159467419294227
2026-12-02,67.75910110473633,78.05499469954756,66.97322047771551,93.5700847653134,82.58100747019543,70.85665743572626,98.9957388215152,75.30157053633519,80.80841886275994,78.05499469954756,1.4048082465369243
2026-12-03,67.74104080200195,78.14589469094985,66.99451562753681,93.77293288652488,82.6326247369432,70.84099159881586,99.15688603143163,75.4145351719935,80.87725420990618,78.14589469094985,1.393550774977723
2026-12-04,67.7232536315918,78.23754916374762,67.01637314273795,93.97699986617133,82.68427426706857,70.82532922549598,99.31829555994453,75.52861610194435,80.94648222555088,78.23754916374762,1.3821087050016636
2026-12-07,67.7054214477539,78.32986056269189,67.03870801772861,94.1821715533091,82.73595608073776,70.80967031500082,99.47996783406127,75.64385785085402,81.01586327452976,78.32986056269189,1.3704095468560593
2026-12-08,67.68718795776367,78.42272528463242,67.06143036022078,94.38832605363373,82.78767019812963,70.79401486656481,99.64190328148429,75.76031227086222,81.08513829840263,78.42272528463242,1.3583739866174496
2026-12-09,67.66818618774414,78.5160424848139,67.08445293663252,94.59534430157545,82.8394166394356,70.77836287942247,99.80410233061228,75.87802991026501,81.15405505936278,78.5160424848139,1.3459247829331054
2026-12-10,67.64813461303712,78.60974236753046,67.10771531270682,94.80314419416315,82.89119542485973,70.76271435280859,99.9665654105413,75.99705124870118,81.22243348635973,78.60974236753046,1.3330056728720823
2026-12-11,67.62697525024414,78.70382380712987,67.13121583003633,95.01172619373915,82.9430065746187,70.74706928595803,100.12929295106586,76.11738047354025,81.29026714071948,78.70382380712987,1.3196139457089855
2026-12-14,67.6048210144043,78.79833507319964,67.15499493124193,95.22115045051372,82.99485010894189,70.7314276781059,100.29228538268013,76.23900341231018,81.3576667340891,78.79833507319964,1.3057814596374744
2026-12-15,67.58196105957032,78.89337166646398,67.17913313920425,95.43153448388946,83.04672604807125,70.71578952848743,100.45554313657901,76.36188353728194,81.42485979564601,78.89337166646398,1.2915755761132857
2026-12-16,67.55885848999023,78.98907199909506,67.20374721212818,95.64304823887721,83.09863441226142,70.70015483633802,100.61906664465936,76.48596263163498,81.49218136655514,78.98907199909506,1.2770966160510668
2026-12-17,67.53602752685546,79.08558062743386,67.2289587346832,95.85586978374343,83.15057522177965,70.68452360089327,100.78285633952103,76.61117926423626,81.55998199063146,79.08558062743386,1.2624496751008185
2026-12-18,67.51381378173828,79.1829886925829,67.25484350939622,96.07011308754745,83.20254849690592,70.66889582138892,100.94691265446812,76.73749481594473,81.62848256922106,79.1829886925829,1.2477009574684537
2026-12-21,67.49228134155274,79.28130796448826,67.28140972207957,96.28579617416109,83.25455425793287,70.65327149706089,101.11123602351003,76.86491036310687,81.69770556586965,79.28130796448826,1.2328559190721355
2026-12-22,67.4712417602539,79.38048389983757,67.30860929927702,96.50285651486918,83.3065925251658,70.63765062714526,101.27582688136269,76.99344978424023,81.76751801543492,79.38048389983757,1.2178745487741558
2026-12-23,67.45039215087891,79.4804362206516,67.33637252453119,96.72120000540781,83.35866331892272,70.62203321087831,101.44068566344963,77.12315309050864,81.83771935079456,79.4804362206516,1.2026954745627314
2026-12-24,67.42942810058594,79.58108936454119,67.36463390608336,96.94073790100042,83.41076665953435,70.60641924749645,101.60581280590317,77.25405811490654,81.90812061417583,79.58108936454119,1.1872608416503312
2026-12-25,67.4081428527832,79.6823967470958,67.39335268001965,97.16141642872316,83.46290256734407,70.59080873623628,101.77120874556562,77.386186226698,81.97860726749359,79.6823967470958,1.1715359797947935
2026-12-28,67.38647232055663,79.78434970337076,67.42252026227288,97.38322787744752,83.51507106270807,70.57520167633456,101.93687391999033,77.51954397592148,82.04915543082005,79.78434970337076,1.1555131262496359
2026-12-29,67.36448745727539,79.88697264056154,67.45215602003822,97.60620490671332,83.56727216599515,70.55959806702822,102.10280876744297,77.65412379284564,82.11982148827744,79.88697264056154,1.139208595773416
2026-12-30,67.34234848022462,79.99030955971702,67.48229578295253,97.83040426477767,83.6195058975869,70.54399790755437,102.26901372690259,77.78991046665969,82.19070865277435,79.99030955971702,1.1226525984986355
2026-12-31,67.3202293395996,80.09440487251764,67.51297560347548,98.05588342386586,83.6717722778777,70.52840119715027,102.43548923806281,77.92688749602999,82.2619222490053,80.09440487251764,1.105876212493701
2027-01-01,67.29826431274414,80.19929119516073,67.54422147564087,98.28268562488167,83.72407132727454,70.51280793505337,102.602235741333,78.06504436867755,82.3335380216439,80.19929119516073,1.0889014420832506
2027-01-04,67.27654266357422,80.30498890112236,67.57604900097587,98.51083925690118,83.77640306619733,70.49721812050127,102.7692536778395,78.20437284585391,82.4056049563908,80.30498890112236,1.0717428853410456
2027-01-05,67.25512466430663,80.41151065220441,67.60846724187013,98.74036334617784,83.8287675150786,70.48163175273174,102.9365434894266,78.34486989863574,82.47815140577309,80.41151065220441,1.0544085477391205
2027-01-06,67.23405838012695,80.51886560491144,67.64148228275937,98.971272679302,83.88116469436373,70.46604883098273,103.10410561865794,78.48653773594613,82.55119347387675,80.51886560491144,1.0369019739618899
2027-01-07,67.21337051391602,80.62705745211566,67.67509559890092,99.20357537224238,83.93359462451086,70.45046935449236,103.27194050881752,78.62937296207645,82.62474194215488,80.62705745211566,1.0192267806322513
2027-01-08,67.19309768676757,80.73609161375649,67.70931010629316,99.43728169309252,83.98605732599094,70.4348933224989,103.44004860391094,78.77337821154183,82.69880501597115,80.73609161375649,1.0013843888850318
2027-01-11,67.17330398559571,80.84597820788366,67.74413264512778,99.67240773568962,84.03855281928769,70.4193207342408,103.60843034866657,78.91855061618469,82.77340579958263,80.84597820788366,0.9833814243362093
2027-01-12,67.15406875610351,80.95672922549525,67.77957159785697,99.9089719621735,84.09108112489761,70.40375158895668,103.77708618853673,79.06488798458115,82.84857046640936,80.95672922549525,0.965225122915361
2027-01-13,67.13549880981445,81.0683604312775,67.81563847263484,100.146997562765,84.14364226333007,70.38818588588533,103.94601656969881,79.21238563897921,82.92433522357578,81.0683604312775,0.9469259144378963
2027-01-14,67.11767883300782,81.18088163427068,67.85233975809767,100.38650044820352,84.1962362551072,70.3726236242657,104.11522193905651,79.36104233274567,83.00072093579568,81.18088163427068,0.9284894395535724
2027-01-15,67.10064697265625,81.29429261897084,67.88967354652293,100.62748417649911,84.24886312076403,70.35706480333691,104.28470274424106,79.51085738389577,83.07772785404592,81.29429261897084,0.9099159362627963
2027-01-18,67.08438034057617,81.40858181078036,67.92762845572663,100.86993823730664,84.30152288084832,70.34150942233826,104.45445943361227,79.6618383909835,83.15532523057722,81.40858181078036,0.8911956223453373
2027-01-19,67.0687240600586,81.52371530007909,67.96617451851918,101.11382436797172,84.3542155559208,70.3259574805092,104.62449245625989,79.81400120088864,83.23342939926954,81.52371530007909,0.8723031118318587
2027-01-20,67.05339889526367,81.63964111989841,68.00526682463527,101.35908172550549,84.40694116655494,70.31040897708938,104.79480226200462,79.96737071009225,83.31191152970457,81.63964111989841,0.8531991886766147
2027-01-21,67.03807220458984,81.75630356450476,68.0448575013213,101.6056445687835,84.45969973333715,70.29486391131856,104.96538930139944,80.12197427412671,83.39063285488281,81.75630356450476,0.8338414746826768
2027-01-22,67.0223602294922,81.87364482764308,68.08489708851737,101.85344427265454,84.51249127686664,70.27932228243672,105.13625402573075,80.27784281231287,83.46944684297328,81.87364482764308,0.8141847016990846
2027-01-25,67.00586318969727,81.99161145415754,68.12533990644168,102.10241734822895,84.56531581775555,70.263784089684,105.30739688701955,80.43500400061998,83.54821890769509,81.99161145415754,0.7941874762946693
2027-01-26,66.98828125,82.11017212281803,68.16615880289098,102.35252763608564,84.61817337662887,70.24824933230069,105.47881833802263,80.59347652366802,83.62686772196804,82.11017212281803,0.7738242852806184
2027-01-27,66.96954116821288,82.2293337850073,68.20735846190153,102.6037865813269,84.67106397412454,70.23271800952725,105.65051883223379,80.75326236031816,83.70540520969644,82.2293337850073,0.7530976656577254
2027-01-28,66.94979400634766,82.34913618088453,68.24897072446423,102.85624662302885,84.72398763089328,70.21719012060433,105.82249882388508,80.9143455306786,83.78392683109045,82.34913618088453,0.7320360460234282
2027-01-29,66.92941436767578,82.46964681464735,68.29105031280737,103.10999511722548,84.77694436759883,70.20166566477273,105.99475876794793,81.07669754632865,83.86259608296605,82.46964681464735,0.7106884022034194
2027-02-01,66.90898818969727,82.59095433655405,68.33366925787543,103.36514622874668,84.82993420491782,70.18614464127342,106.16729912013436,81.2402811940108,83.94162747909729,82.59095433655405,0.6891189502771647
2027-02-02,66.88910064697265,82.71313676658647,68.37689055704638,103.62180125575551,84.88295716353977,70.17062704934753,106.34012033689822,81.40506320517083,84.02121032800211,82.71313676658647,0.6673844701100201
2027-02-03,66.87008438110351,82.83623069329215,68.42074277078896,103.88000993823441,84.93601326416717,70.15511288823637,106.51322287543643,81.57103041399522,84.10143097258909,82.83623069329215,0.6455103465800659
2027-02-04,66.85190505981446,82.96022340986573,68.46521367789505,104.13976032708038,84.98910252751541,70.13960215718143,106.68660719369005,81.73819242285212,84.18225439687934,82.96022340986573,0.6234851974559266
2027-02-05,66.8342384338379,83.08506991144307,68.5102644633231,104.40099983255587,85.04222497431289,70.12409485542433,106.8602737503457,81.90657258447541,84.26356723841073,83.08506991144307,0.6012741464120706
2027-02-08,66.81665115356445,83.2107192290818,68.55585152682696,104.66366814405315,85.09538062530088,70.1085909822069,107.03422300483656,82.07619761819862,84.34524083996499,83.2107192290818,0.5788375565730558
2027-02-09,66.79874725341797,83.33713219515042,68.60194112767692,104.92771955991127,85.1485695012337,70.09309053677111,107.20845541734373,82.24708861394346,84.42717577635737,83.33713219515042,0.5561446842892618
2027-02-10,66.78028564453125,83.46429232952303,68.64851829706397,105.19313678151084,85.20179162287859,70.07759351835911,107.38297144879739,82.41925593785592,84.50932872119014,83.46429232952303,0.5331818324832195
2027-02-11,66.76123733520508,83.59220781854451,68.69558838527072,105.45993355272833,85.25504701101579,70.0620999262132,107.55777156087805,82.59270018364991,84.59171545343911,83.59220781854451,0.5099528749462271
2027-02-12,66.74176483154297,83.7209047216522,68.74317139782698,105.72814623655245,85.30833568643853,70.04660975957584,107.73285621601775,82.76741316021936,84.67439628308504,83.7209047216522,0.4864752864453295
2027-02-15,66.72212371826171,83.85041409112894,68.7912913664872,105.99781764599079,85.36165766995302,70.03112301768974,107.90822587740126,82.94338317165683,84.75744501060105,83.85041409112894,0.46277087728169014
2027-02-16,66.70256042480469,83.98076158394502,68.83996781677209,106.26898393089505,85.41501298237847,70.01563969979766,108.08388100896734,83.12060204910166,84.84092111878839,83.98076158394502,0.4388569055323307
2027-02-17,66.68323287963867,84.11196155774215,68.8892109513505,106.54166706574706,85.46840164454716,70.0001598051426,108.25982207541,83.29906726530415,84.92485585018015,84.11196155774215,0.41474198593775646
2027-02-18,66.66422042846679,84.24401980028077,68.93902392289054,106.81587823904017,85.52182367730434,69.98468333296772,108.4360495421796,83.47878024152463,85.0092593590369,84.24401980028077,0.390428346304153
2027-02-19,66.64555969238282,84.3769377248419,68.98940629409168,107.09162312385169,85.57527910150827,69.96921028251633,108.61256387548426,83.65974371116329,85.0941317385205,84.3769377248419,0.3659153131013335
2027-02-22,66.62726745605468,84.510714830745,69.04035606293766,107.36890497613895,85.6287679380303,69.9537406530319,108.78936554229097,83.84196179506202,85.17946786642798,84.510714830745,0.3412005284096862
2027-02-23,66.60934371948242,84.64534934078634,69.09187018962177,107.64772543324719,85.68229020775479,69.9382744437581,108.96645501032681,84.02543965657483,85.26525902499785,84.64534934078634,0.31628045112831715
2027-02-24,66.5917869567871,84.78083935677805,69.14394554335783,107.92808597681042,85.73584593157918,69.92281165393875,109.14383274808033,84.21018170011416,85.35149701344193,84.78083935677805,0.2911518656448391
2027-02-25,66.57462692260742,84.91718451829338,69.19658025444717,108.20999004570827,85.78943513041396,69.90735228281783,109.32149922480262,84.39619197385527,85.4381770627315,84.91718451829338,0.26581252267250566
2027-02-26,66.55794677734374,85.05438621523565,69.24977388203516,108.49344331702066,85.84305782518267,69.89189632963948,109.49945491050865,84.5834739653254,85.52529846514591,85.05438621523565,0.24026135199502954
2027-03-01,66.54184036254883,85.19244463188006,69.30352500342617,108.77844994289069,85.89671403682198,69.87644379364804,109.6777002759785,84.77203118926397,85.61285807449616,85.19244463188006,0.21449665439596927
2027-03-02,66.52641220092774,85.33135852846041,69.35783104070708,109.06501226367907,85.95040378628157,69.86099467408799,109.85623579275857,84.96186868116447,85.70084837575635,85.33135852846041,0.18851522821221148
2027-03-03,66.51172256469727,85.47112331388162,69.41268670045191,109.35312833305593,86.00412709452428,69.84554897020398,110.0350619331629,85.1529922239279,85.78925440383534,85.47112331388162,0.16231178058863582
2027-03-04,66.49776153564453,85.61173152334388,69.46808437277792,109.64279250820452,86.05788398252604,69.83010668124085,110.21417917027426,85.34540972211084,85.87805332457691,85.61173152334388,0.1358784700168551
2027-03-05,66.4843849182129,85.75317320283122,69.52401445289625,109.93399592424048,86.11167447127586,69.81466780644357,110.39358797794569,85.53912954029693,85.96721686536551,85.75317320283122,0.10920595027260112
2027-03-08,66.47131652832032,85.89543925385041,69.58046805903705,110.22673077032883,86.1654985817759,69.79923234505729,110.57328883080143,85.73416058666622,86.0567179210346,85.89543925385041,0.082285034277652
2027-03-09,66.45820922851563,86.03852521541869,69.63744009050444,110.5209951532302,86.21935633504145,69.78380029632736,110.75328220423837,85.93050955644289,86.14654087439449,86.03852521541869,0.055110030089691286
2027-03-10,66.44466629028321,86.18243314372334,69.69493073181323,110.8167955439861,86.27324775210093,69.76837165949924,110.93356857442728,86.12818031769018,86.23668596975651,86.18243314372334,0.027680013282226572
2027-03-11,66.43025817871094,86.32717285399586,69.7529464338186,111.11414841831404,86.32717285399586,69.7529464338186,111.11414841831403,86.32717285399586,86.32717285399586,86.32717285399586,0.0
